id,syllabus_name,question_type,question,answer,answer_span_1,answer_span_2,answer_span_3,answer_span_4,answer_span_5,reasoning_step_1,reasoning_step_2,reasoning_step_3,reasoning_step_4,reasoning_step_5
N7BWLQ4aRwj9snMa,EME6651-SP2023_Syllabus,yes/no,"Does the following honor pledge apply to this class: ""On my honor, I have neither given nor received unauthorized aid in doing this assignment""?",Yes,"UF students are bound by The Honor Pledge which states, “We, the members of the University of Florida community,	
pledge to hold ourselves and our peers to the highest standards of honor and integrity by abiding by the Honor Code.	
On	all	work	submitted	for	credit	by	students	at	the	University	of	Florida,	the	following	pledge	is	either	required	or	
implied:	“On	my	honor,	 I	have	neither	given	nor	received	unauthorized	aid	in	doing	this	assignment.”",,,,,,,,,
PrteEIvvuXMCHLt4,FS542_food chem2,multi factual,How often will there be quizzes?,There will be a total of 4 online quizzes for this course.,Online quizzes: there will be 4 online quizzes on moodle,Online quiz-1 9/26,Online quiz-2 10/17,Online quiz-3 11/21,Online quiz-4 12/5,,,,,
0BLtgmE0gtSQq1P4,Honors 391AH - AA Media Pop Culture - Fall 2022 Syllabus,multi factual,What are the expectations for classroom engagement and absences in the course?,"Active classroom engagement and participation are expected. Students should attend class, participate in discussions, and come prepared with questions. Absences may be excused or unexcused, with deductions for unexcused absences.","Attendance should be regular, with prompt communication for missed assignments and discussions. Unexcused absences will result in point deductions.","Active class engagement and consistent participation are expected, with points awarded based on the level of involvement",,,,,,,,
lIj6sXsXp8UyK8ai,151 syllabus fall 2022 Rounds,multi reasoning,"If I have an 84% average across all the exams, the discussion sections, and the quizzes, would not participating in the Clicker impact my overall grade","No, getting no credit for Clicker participation would not impact your overall grade.",,,,,,"Having an 84% average on the 2 exams is worth 40% of the overall grade, so that is worth 33.6% (84 x 0.4 = 33.6)","The 84% on the Final is worth 24% of the overall grade, so that is worth 20.16% (84 x 0.24 = 20.16)","Having and 84% average on the discussion assignments is worth 20% of the overall grade, so that is worth 16.8% (84 x 0.2 = 16.8)","Having and 84% average across all the quizzes is worth 15% of the overall grade, so that is worth 12.6% (84 x .15 = 12.6)","Adding up all the totals = 83.16% (33.6 + 20.16 + 16.8 + 12.6), which is still a B"
h0ZaW2yq5SGBbxyv,vsyllabus 2022,yes/no,Will I fail the course if I copy and submit someone else's work?,Yes,"However, direct copying of someone else’s work is not allowed. Printing out
someone else’s computer output, and handing it in as your own work, is also not allowed. Passing off
someone else’s work as your own will result in failing this course",,,,,,,,,
QKNGGynCIopPVCAZ,advanced_system_software_design_redacted,summarization,What support is available to me in this class?,"We want students to succeed in this hard time. Reach out to the professor with any concerns or questions. There are also health, mental health, and disability services available on campus that we encourage everyone to use.  ","You are not alone at UMass - many people
care about your wellbeing and many resources are available to help you thrive and succeed.",". Reflect on your role in taking care of yourself throughout the term, before the demands
of exams and projects reach their peak. Please feel free to reach out to me about any difficulty you
may be having that may impact your performance as soon as it occurs and before it becomes too
overwhelming. I encourage you to contact support services on campus that stand ready to assist
you. Please reach out to me for support finding the resources you need.","The University is committed to making reason-able, effective and appropriate
accommodations to meet the needs of students with disabilities and help create a barrier-free
campus. If you have a qualifying disability and require accommodations while participating in
this course, please work with Disability Services to have an accommodation letter sent to me in
a timely manner.","Finally, beyond disability accommodations, if there are aspects of the course
that prevent you from learning or make you feel excluded, please let me know as soon as possible.",,,,,,
k7WMC2E9XxN35wHT,Acct 371 Syllabus - Spring,multi reasoning,"What percentage of the grade do the exams, pre-class quizzes, and quizzes make up?","The exams, pre-class quizzes, and quizzes will make up 65% of your grade.",,,,,,There are three exams that are each weighted as 15% of the grade.,The three exams will make up 45% of the grade in total.,Pre-class quizzes are 10% of the grade in total.,Quizzes are 10% of the grade in total.,
MVZvBNavIZsfnV6s,Syllabus.Astron101.summer2023,single reasoning,Can I make up the midterm if I'm absent during the third week?,"The midterm will be online the third week, but is due by the end of the course on August 25th.",,,,,,"The midterm is made available during the third week, but can be completed online and turned in by the end of the",,,,
GjiTuDP2KLgKPPN9,Syllabus. Multivariable Calculus,multi reasoning,I have an accommodation can I use a calculator on the exam?,"Calculators are not normally allowed on exams, if you have an accommodation on file, you will need to work with the Disabilities office to schedule your exam and see if your accommodation can be met. ",,,,,,Calculators are not allowed on exams. ,Students with eligible disabilities on file can have reasonable accommodations.,accommodations are scheduled through the disabilities office,,
0eTMQsuc8wLVFnqU,130 syllabus_2 S 2023,single reasoning,Can I pass the course if I won't disclose what I eat?,It is possible to get 94% in the course without disclosing what is eaten.,,,,,,"6% of the grade is based on a Food Intake Analysis. If all other requirements are met successfully, a possible grade of 94% is possible.",,,,
qrFpVHbvwPeSAa6n,MIE 302 Spring 2022 Syllabus-v1,multi reasoning,"If I don't use safety equipment during the lab, will I still pass?","You can fail to use safety equipment one time during the course, which will result in a zero for that lab. You will still pass given you do well in all other areas of the course. If you fail to use safety equipment twice, you will receive an F in the course. ",,,,,,The first infraction will result in a zero for that lab. ,A second infraction will result in an F for the entire course.,,,
rVlMfDabtZXZxfPf,Syllabus_Marine_Microbiome_2022_redacted,yes/no,Can I distribute this syllabus to another without the consent of the instructor.,No,"All materials generated for this class, which include but are not limited to syllabi, in-class materials, and exams, are copyrighted. You do not have the right to distribute
these without written consent of the instructor.",,,,,,,,,
IBsMvbkYQRAMbNZM,BDES-Syllabus-2021-v1rsb,yes/no,Is the office number 444?,No,Office: GSE 439,,,,,,,,,
6JLfgnulqNq9m5LA,Biol582_2022_Syllabus,yes/no,Does this course use iClicker?,Yes,Quizzes will be i&gt;clicker based and there will be 14 of them.,,,,,,,,,
sO1Iysb8QG1euD8l,Syllabus Chem111-Fa22,single reasoning,I've never used the Electronic Homework system before. What type of work can we expect as a student?,In-Chapter Mastery (MAS) OWL homework based on each chapter and also the EOC/Review (end of chapter) which is optional. The EOC is highly encouraged as it is an extra resource to practice and solve problems.,,,,,,There are two types of homework on OWL in this class. In-chapter mastery (MAS) OWL homework of each chapter and  the EOC/Review (end of chapter) which is optional.,,,,
jOk865rU2tHGXmNN,MGMNT 462_ Syllabus - Spring 2023,multi factual,What are the course assignments?,"There are four total projects, two individual and two group. They are 1) Social Entrepreneur Profile, 2) Social Venture Profile, 3) Social Venture Assessment Report (group project), and 4) Social Venture Idea Pitch (group project).","(1) Social entrepreneur profile
You will research and collect information about a social entrepreneur whose work you
find exciting and inspiring. I will post a guide on BBL on what needs to be included in
the write-up and the expected formatting. The assignment should be a maximum of two
pages long, not counting a list of references. There will be an “Assignment” link posted
in the BBL folder for the date when it is due.","(2) Social venture profile
Similar to the “Social entrepreneur profile” assignment, you will conduct background
research and summarize information about a social venture of your choice. All
requirements regarding what information needs to be included and the expected format
will be in a guide posted on BBL. The expected length of your submission is a maximum
of two pages long, not counting a list of references. There will be an “Assignment” link
posted in the BBL folder for the date when it is due.","(3) Social venture assessment report (group project)
Each student will be assigned to a team that will take on the role of a budding social
entrepreneur. The team will undertake a comprehensive assessment of a social venture
preparing to pitch their venture idea to a potential social impact investor. In their
assessment, the team follows the social entrepreneurship process we cover in the
course. Each of the sections of the report corresponds to a content module we cover
this semester. Like in some other courses you may have taken during your Isenberg
experience, you are encouraged to participate in social venture idea / entrepreneurship
competitions, such as Hult Prize or applying to an event like Collegiate Summer Venture
program, which is jointly organized by the Valley Venture Mentors and Berthiaume
Center for Entrepreneurship (UMass).","(4) Social venture idea pitch (group project)
Teams will present their findings from the Social venture assessment report. The length
of the pitch should be 5 minutes maximum. I will post a separate guide for this
assignment with details about the requirements and expectations for presentations on
6 BBL",,,,,,
qr1o3BLXhYU4kmmG,Animlsci581 Syllabus-v4,summarization,What will we be doing in December?,"We will do group presentations, have a reading period, and turn in final projects.","Th, Dec. 2 &lt;PROF_FULL_NAME&gt; Project presentations (3-4 students)","Tu, Dec. 7 &lt;PROF_FULL_NAME&gt; Project presentations (3-4 students)
","Dec. 9, 11 No class Reading Period","W, Dec 15 Final Projects due at noon (40% of grade)",,,,,,
5rNEyoA7OJpOSMYN,CS Syllabus for 568,single factual,What is the policy for late assignment in this course,Late assignment will be rejected,Late assignment will not be accepted,,,,,,,,,
DKI49AckkSxWU23D,JOURNAL 310 (International Journalism) Syllabus - 2022 Spring,multi factual,Does this course have any additional costs besides enrollment?,"Only one book in the required course materials will not be provided for free. However, cost can be avoided if you can borrow the book from a source like a library. ","Over the course of the semester, we will be reading the following eBook, which is made available to you for free (see Moodle):","You will also be assigned two additional texts, videos, or podcasts each week to complement the eBook chapters. All of those materials will be made available to you for free via Moodle","Finally, you will be required to purchase or borrow one of the non-fiction books below for the “Book Discussion” assignment",All of the technology used in this class will be made available to you for free,,,,,,
T5vf576oIMgIa9af,web_syllabus_4670,yes/no,Will I have to purchase a textbook for this course?,No,None. Lecture notes will be provided.,,,,,,,,,
aG2qVFPTdlsCDEpK,101-f22-syll,summarization,Can you tell me about the exams required for the course?,"There will be two in-class exams for this course, a midter exam on October 24th and a final exam on December 12th. Each exam counts for 10% of the overall course grade for a total of 20% for both exams.",There will be a in-class midterm exam on October 24.,There will be an in-class final exam on December 12,Exams (2*10 = 20%),,,,,,,
78BT9z2PYMpQfhqz,syllabus-2,multi factual,How will the topic for my class project be chosen and what does the project consist of?,The topic of the class project will be related to each student's research.  The project includes a final report and a short presentation.,"Ideally, the topic will be relevant to the student’s research.",a final report will be due at the end of the semester,each student will be expected to give a brief presentation (5-10 minutes) on their project,,,,,,,
raJC1lEjruA0rwJD,GEOG468668syllabusGIS_2023,single factual,How many credits is the course worth?,This course is worth 3 credits. ,3 cr,,,,,,,,,
PyEW0u4YaMZMp9Ie,PSYCH 397D syllabus Spring 2023,summarization,Can you give me a breakdown of how quizzes look in this course?,"Quizzes will contain a set of 5-10 multiple choice questions, and are untimed (although they must be completed in one sitting). After completion you will see your final score (but not the correct answers), and if not satisfied, you can complete the quiz again. If you manage to get above an 80%, you will be given full credit.",Each quiz will contain 5-10 multiple choice or true/false questions. ,You can repeat the quiz as many times as you would like.,"You must complete the quiz in one sitting, although it is not timed. ","You will see your score after your attempt, but correct responses will only be revealed after the due date.",You will receive full credit for the quiz if you receive 80% or higher on your best attempt. ,,,,,
ekNeMClpWiQfLNuY,315 Lab Syllabus 22-01-11,single reasoning,Will my grade for the lab notebook be affected if I forget to have the TA and my lab partners sign it?,15% of your grade for the lab notebook comes from having your lab partners and the TA sign it. Without those signatures your grade will be reduced by 15%.,,,,,,"15% of the lab notebook grade depends on your lab partners and the TA signing the notebook and your grade will be reduced if you don't have them sign it,",,,,
WwKQtXkWdBKHbG6i,Syllabus_ISE4100_Au22_v3_redacted,multi factual,How are the various modules of the courses Stochastic Modeling and simulation had been delivered?,The lecture and the lab component of the course can be delivered in person and Office hours and TA will be delivered via online through Carmen Zoom.,The lecture component of this course is delivered in-person. The two lectures each week will also be accessible synchronously via CarmenZoom.,The lab component of this course is in-person. Details on software use are given in the “technologies to access labs” section,"Mode of delivery of office hours: Office hours by the instructor and the TA will be online via
CarmenZoom. Office hour times are listed in the Course Overview section",,,,,,,
hWvvJFYd8ILCYVml,ENG 204 syllabus_FA 2021,single factual,How much of your final grade is made up of your score from Reading Exercises?,Reading exercises will make up 15% of your final grade in this course.,"GRADING AND COURSE REQUIREMENTS
Attendance & Class Participation 15% Reading Exercises 15% Discussion Question & Facilitation 10% SCAP (2-3 pages) 15% Group Presentation 15% Final Project 30%",,,,,,,,,
bzqKjN31NcFFNZCG,Syllabus SPP 697 PM 2023 (clean),single reasoning,I can't afford a $40 Amazon e-book. Can I still take the class?,"Yes, the purchase is optional and thus not required. The manuscript will be distributed for free.",,,,,,The purchase of the Amazon $40 e-book is optional. The manuscript will be distributed for free.,,,,
xVHl0CBJaRA2FfWz,MUSIC-ED 500KU Syllabus S23,summarization,Are there any essential characteristics for evaluation and assessment?,"The candidate will participate in the ongoing assessment, teaching, working as the music education coordinator, and instructing in student teacher seminars, along with the supervising professional, program supervisor, and coordinator of student services. The final grade will be computed using the whole body of information gathered from the aforementioned sources. Once all degree program and license requirements have been satisfactorily satisfied, the educator licensing officer recommends student teachers for licensing.","The candidate, the supervising professional, the program supervisor, and the coordinator of student services will all contribute to the continuing assessment, teaching, serving as the coordinator of music education, and instructing in student teacher seminars.",The entire body of data acquired from the sources mentioned above will be used to determine the final grade.,The Educator licensing Officer recommends student teachers for licensing once all degree program and license criteria have been satisfactorily met.,,,,,,,
7EBPh0RLkTBZOZc8,Sch Mgmt 652 Syllabus - Fully OnLine,yes/no,"Is there a text book for this Federal tax research course?
",Yes,"Yes. The required text book is Federal Tax Research, 12th Edition, Sawyers, and Gill. ISBN: 9780357705933.",,,,,,,,,
Db7m1lXo7ykJW8vR,Spring 2022 SCH-MGMT 697DS Data Science for Business Syllabus,single reasoning,Would I be learning Python in this class? ,"No, you will only be exposed to some and training open-source software such as Python. ",,,,,,"While the main goal of this course is to study analytic decision making at a high level, we will gain some exposure to and training in popular open-source software namely, Python and R",,,,
KTE6ccYigJjIcQ8i,syllabus-RESEC213-2023spring-yp,yes/no,Are midterms important?,Yes,Two	midterms are	worth 35% of student’s final grade.,,,,,,,,,
Qi0o2agy9UVdGkzx,PH224_Syllabus_Spring23,single reasoning,Will material from the first half of the semester be on the final exam?,"The exams are cumulative, so there will be some material from the first half of the semester on the final exam, though the final will focus more on the material from the second half of the semester.",,,,,,The exams are cumulative with the final exam focusing mostly on material from the second half of the semester.,,,,
5eJAB0Rhp7kK5LbA,Syllabus-549,multi factual,Are there any prerequisites for this course?,There are two prerequisites for this course: CE-ENGIN 331 and MATH 331 (or equivalent with permission of the instructor.),CE-ENGIN 331,MATH 331,equivalent with permission of instructor,,,,,,,
a2sNkCVKlsHxNfjj,Teaching Math in Elementary School 2 Proposed Syllabus,summarization,What are some components of the Cognitive Interview Project?,"Some of the components of the Cognitive Interview project include: giving the child's age, grade level, and any other relevant background info; Include intervew sheets from the tasks; describe the child's thinking for each topic area; and interpreting the child's understanding of each topic.","Gives child’s age, grade level, and any other relevant background information about child. Do not give child’s name. Also state which two interviews were administered to the child.","Include interview sheets from both tasks, with all blanks, tables, and notes, etc. filled in, and
all questions answered","Describe the child’s thinking for each topic area, including the types of problems given, the strategy the child used to solve each problem, and whether they were successful or unsuccessful at solving the problems.","Interpret the child’s understanding of each topic, using chapters we’ve covered in TD and TCM, as well as articles we’ve read for homework or in class. Cites specific page numbers
and gives specific quotes when referring to these references. Uses readings and evidence from the interview to justify ideas about each child’s level of understanding",,,,,,
gywyZnMa2fTwcnlw,Syllabus_BIOLOGY497G_BIOLOGY697G_FA22,multi factual,What will count towards one's final grade in the class?,"The final grade will be based upon the problem sets, the reading and discussion reflections, class attendance and participation, the genetic testing report, and the genetic testing presentation.","There is a total of 263 possible points for 497
* Problem Sets (11 @ 15 pts) 165 pts",* Reading and Discussion Reflections (10 @ 2 pts) 18 pts (can drop 1),* Attendance and Participation (This will be used to boost your grade if you are within 1% of the next highest grade),* Genetic Testing Report 40 pts,* Genetic Testing Presentation 40 pts,,,,,
hDgKs9hHeq8MNI2F,Nutr_130H_Syllabus_2021Fall,multi reasoning,What's the max grade I can get in class if both my project presentation and project essay are late?,"If both the presentation and essay are late, your final grade is docked 10% leaving you with a maximum possible grade of an A-.",,,,,,"If the project presentation is submitted late, it's docked 5 points or 5% of final grade.","If the project essay is submitted late, it's docked 5 points or 5% of final grade.",That's a total of 10% of the final grade.,"Assuming all other work is 100%, you can still get 90% which is an A-.",
1MFliV3ZgXmYKANx,UMASS-Math3312023,single factual,Do we have time off for Spring Break?,"Yes, spring break is from March 12-20th.","Spring recess begins (3/12/2023)
classes resume (3/20/2023)",,,,,,,,,
Yf8LBxrC8w92mLpy,syllabus_606,multi reasoning,How many hours per week is the TA available for in person help?,The TA is available for one hour on Thursday from 5:00 - 6:00 pm and one hour on Friday from 4:00 pm - 5:00 pm so the TA is available for 2 hours in person per week.,,,,,,The TA is available on Thursday from 5:00-6:00 pm ,The TA is available on Friday from 4:00-5:00 pm,,,
8Yu9kzneg5Hgadm4,MIE 380 syllabus F22,single reasoning,Is it permissible to use electronic devices especially calculator during exams?,"Yes, you can use a calculator in an examination; it is permitted.",,,,,,"In the test, you may utilize the assigned text, pencil (no pens), and calculator.",,,,
p5cStXX64SWSuXs7,L0,single factual,What do I need to do anything after I register for the exam?,Send confirmation of your registration to the lecturer.,"You need to register for the final exam and send the registration confirmation to the lecturer.
",,,,,,,,,
DO7BXnjblLzof3fh,num_analysis_redacted,summarization,Could I get an overview of the class's academic honesty policies?,"All programs at the university prohibit academic dishonesty, which covers the following, among other things: cheating, fabrication, plagiarism, and facilitating dishonesty. Students who violate this policy will face appropriate sanctions. You are also required to bring others' violations of these policies to the attention of the appropriate course instructor should you become aware of them. Ignorance of the academic honesty policies is not an acceptable excuse for not adhering to them.","Academic dishonesty is prohibited in all programs of the University. Academic dishonesty includes but is not limited to: cheating, fabrication, plagiarism, and facilitating dishonesty. ",Appropriate sanctions may be imposed on any student who has committed an act of academic dishonesty,"Any person who has reason to believe that a student
has committed academic dishonesty should bring such information to the attention of the appropriate course
instructor as soon as possible.","Since students are expected to be familiar with this policy and the commonly accepted standards of academic integrity, ignorance of such standards is not normally sufficient evidence of lack of intent",,,,,,
GIXsXD6DorNvjLCu,syllabus_fall2022-revised2,single factual,Who will utilize the draft of the text Introduction to Statistics for the Life and Biomedical Sciences?,PUBHLTH 490Z will use the draft text Introductory Statistics for the Life and Biomedical Sciences.,PUBHLTH 490Z,,,,,,,,,
e6Ez3cqDJOiOyEMP,BIOCHEM 320 Syllabus SP23 2 Feb 2023,single reasoning,"If I sign up for the class on Feb 13, will the days that I've missed count against my attendance?",No,,,,,,"Attendance starts being counted on that week, so as long as you start right away, it should not be counted against you.",,,,
L3E5hG4K9T5IbohB,MKTG 497G Customer Insight Syllabus S2023,single factual,Where can I access the UMass Coronavirus Plans and Announcements?,This information can be accessed at the following web address:  https://www.umass.edu/coronavirus/,• UMass Coronavirus Plans and Announcements: https://www.umass.edu/coronavirus/,,,,,,,,,
FfBNgtQn9mO4ZqbF,Legal 297BL Syllabus,single reasoning,Are student hours in the morning?,"Yes, students hours are 9-10:30 in the morning.",,,,,,AM means morning.,,,,
j4kSqdCsAHohSP7v,stat-111-syl-spring 2023,multi factual,What are the prerequisites for taking STAT 111 Elementary Statistics?,This four-credit course satisfies the R2 general education requirements for graduation.,"To enroll in STAT 111 Elementary Statistics, students are required to have completed advanced algebra and geometry.","The course is highly computational and involves some algebraic concepts. If students are uncertain about their preparation, they are advised to consider taking Math 100.","The course is highly computational, and some algebra is required. Students who are unsure of their preparation should consider taking Math 100.

","The course covers sampling methods, types of studies, critical reading of statistics in the news, graphical representation of data, central tendency and variability, normal distribution, the basics of probability, correlation versus causation, sampling distributions, confidence interval estimation and margin of error, and hypothesis testing.",Stat 111 is intended for students who have completed advanced algebra and geometry.,,,,,
LA4EOG9sa5S34Wtl,Syllabus Bio 544 lecture S23,yes/no,Are we required to purchase and bring our own binoculars for this course? ,No,"You will also need binoculars and a field guide. See the lab syllabus for field guide recommendations. For binoculars, you are not required to buy a pair just for the course (though every biologist should own binoculars, and this might be a good opportunity to get your pair). However, if someone in your family has some binoculars that your could borrow for the semester, that would be very useful for you. Otherwise, we have some binoculars that you can borrow to use in lab.",,,,,,,,,
KUvh2IERBS2v7VJv,Syllabus_IntroGIS_Fall2022,multi reasoning,How many hours per week does this class require?,"There is a total of 1 hour and 15 mins of lecture time per week and 9 hours of scheduled lab time per week so the minimum amount of time required for the course is 10 hours and 15 minutes. However, since labs may take longer than the 3 hour scheduled time, this course could require more time committment than what is listed.",,,,,,Lectures are on Thursday 11:30a to 12:45,"Labs are Thursday 2:30p to 5:30p, Friday 9:05a to 12:05p and
Friday 1:25p to 4:25p","Labs are an important and integral portion of the course. GIS requires both technical work and
conceptual knowledge to function. Many of these labs will take longer than the three-hour session for which we are scheduled.",,
ytsm2Z5n1J7En3WT,cs466_sp21_info_redacted,yes/no,Does this course require math?,Yes," It is a theory course
with a significant mathematical component.",,,,,,,,,
LiDEz3jO12ombJdf,"CS4501-001_ Privacy in the Internet Age, Fall 2021_1",single reasoning,Will I be able to hand-in my first homework assignment if I miss class on 9/22?,"Yes, the first homework assignment is not due until 9/27.",,,,,,"The first homework assignment is due on 9/27, so they still have time to hand it in.",,,,
M1ZWRJrjCX6AhdE4,soc795E,single factual,What day are office hours?,Office Hours are on Fridays.,Office Hours- Fri – 2:15-3:15pm,,,,,,,,,
Orb5a5j99wXZAMvc,Syllabus_Grounding_S_2023,summarization,Can you tell me about the weekly assignments?,Each student will need to complete the weekly assigned readings and submit a weekly log entry on the readings on Moodle. The weekly log entry is due Wednesday at 1pm (24 hours before class). Graduate students will also need to lead a discussion in one class in the semester.,"Your weekly log entries on the readings will be submitted on Moodle. They’re
due Wednesday at 1pm (24 hours before class).
These entries should consist of: (i) three questions you have about the
readings, and (ii) an attempt to answer one of the three questions you’ve
raised.
The purpose of these assignments is to prompt you to start thinking about
the readings, and to be ready to ask some questions about the readings,
before class begins.","Each graduate student will lead discussion in one of the classes on one of
the topics we discuss. These discussions should an include a handout. These
discussions can be anywhere from 30 minutes to half the class, depending on
what you feel like covering/talking about. (You’ll need to let me know what
you’re aiming for ahead of time, of course!)","All of the readings will be posted as pdfs on Moodle. I’ve describe a *very*
tentative topic-syllabus below. We’ll decide on the actual topics, and readings, as we go, depending on how much background people have, and what
issues people are interested in. The potential readings suggested below come
from Routledge Handbook of Metaphysical Grounding, edited by Michael
Raven.",,,,,,,
WZR3abD35Yo0FY5f,Syllabus_209H_230301,summarization,How do quizzes work in this class?,"Quizzes are a large component of the course grade, making up 30% of the total. A quiz is given every class day that has an assigned reading and is worth 100 points, 10 points per question, which means you get 50 points just for showing up for the quiz. The worst quiz grade will be dropped at the end of the semester. However, if you miss a quiz for a valid circumstance, such as jury duty, family death, illness, religious observance, or military obligation, you can make up that quiz.",Quizzes (30%),"Each quiz will consist of 5 questions (multiple-choice or short answer) and is worth 100
points. If you get all 5 correct, then you will get 100. 4/5 earns 90, 3/5 earns 80, 2/5 earns 70, and 1/5 earns 60. Even if you miss all 5 questions, you will earn 50 points just for taking it.",The lowest grade in this category will be dropped from the final grade calculation. This includes quizzes that are missed because of tardiness or absence.,"Missed quizzes and summary statements due to extenuating circumstances including jury duty, military obligations, religious observance, scheduled activities for other classes, the death of a family member, or verifiable health-related incapacity may be made up in alternative forms only with formal, written documentation.",,,,,,
7078eKPG1l46e6Ih,FIN 408 Syllabus updated v2,single factual,What programming language is used for this course?,R programming is used as part of this course.,"We will use R for our data exercise. You could use the following link to download R on your
computer.
Installing R: https://rstudio-education.github.io/hopr/starting.html",,,,,,,,,
tqvHhHdemovsZODV,1. Syllabus 2023,multi factual,How many different assignments will make up my final grade and how much is each assignment worth?,"Your final grade will be made up of three different assessments.  Your one-page memos will count for 30%, your final presentation will count for 30%, and your overall class participation will count for 40%.","One-page memos 30% 
",Final presentation 30%,Overall class participation 40% ,,,,,,,
pvpmV8vbhgG74X9Z,Most Recent P132 Syllabus - Spring 2022,multi factual,What tools and supplies are needed for class? ,"There are several tools needed - Moodle, iClicker, Edfinity Homework System, Textbook and Discord. iClicker has a cost of $30 and Edfinity Homework System is $23.25. The other tools are free. ","Moodle - Free I will use Moodle extensively for:
● Hub for all other tools
● Surveys
● Posting slides and other resources
● Extra credit opportunities.
Make sure you are accessing the new cloud-based moodle at
https://umass.moonami.com/","iClicker - Approx $30.00 In this class, we will be using iClickers for the homework quizzes and for other questions in class. You can use either the physical clicker OR the iClicker cloud app. will need to register your iClicker to this course using the iClicker
block on Moodle","Edfinity Homework System - $23.25
We will use a different homework system in this course relative to
131. You will need to get an account on this system. Instructions
will be available on Moodle. However, the homework is also fully
integrated into the textbook mentioned below","Textbook - Free We have custom free textbook specifically designed for this course. The textbook is located at http://openbooks.library.umass.edu/
toggerson-132/ and has videos, simulations, as well as the homework integrated","Discord - Free To provide support on homework and labs as well as a forum for asking questions during class, I have setup a discord server at &lt;LINK_DISCORD&gt; for this class.
You can either signup with your personal Discord login or use the box on the Moodle page directly as a guest. ",,,,,
1JW82KgJEgbvx295,796 Syllabus,summarization,Summarize the learning goals for this course.,"Students will gain a strong foundation in theories, research findings, and methodologies in the Learning Sciences. They will critically analyze existing knowledge, identify areas for further inquiry, and explore diverse perspectives. They will retrieve, evaluate, and interpret literature to develop their own research projects and hypotheses. Students will design realistic research projects, conduct independent research, and analyze resulting data. They will communicate their findings effectively through reports for different audiences and engage in ethical research practices.","Knowledge
1. Students will acquire a strong foundation in current and past theories, research findings, and
methodologies in the Learning Sciences. They will use critical thinking skills to synthesize existing knowledge, evaluate strengths and limitations in existing theory and research, and identify
issues in need of additional inquiry—including theoretical and methodological approaches available to address these issues.
2. Students will demonstrate a knowledge of and sensitivity to human diversity in terms of individual abilities and orientations and sociocultural backgrounds.","Research / Evaluation
1. Students will retrieve, evaluate, and interpret Learning Sciences literature; they will use this
information to develop or adapt theoretical frameworks and derive testable hypotheses or predictions for their own research projects.
2. Students will learn to design realistic and feasible research projects in the Learning Sciences and
to prepare necessary protocols that are sensitive to the backgrounds of individuals who are the
focus of their work.
3. Students will conduct independent research and analyze and interpret resulting data.
","Communication
1. Students will create clear and concise reports of their research projects that are appropriate to
Learning Sciences audiences, which include fellow Learning Sciences scholars (via scholarly
journals), practitioners (via practitioner journals or reports), and lay audiences (via online or
other published reports).
2. Students will learn to communicate effectively in verbal presentations and discussions with fellow students and Learning Sciences researchers.","Ethical Conduct
1. Students will conduct their research projects in accordance with ethical standards established in
educational psychology and Learning Sciences fields.",,,,,,
5B2HKnSL2aRvaopd,ResEcon-213-Fall-2022,single factual,What is the text book requirement for the course?,"The text book is Applied Statistics in Business, 7th Edition. with authors David P. Doane, and Lori E. Seward.","Text: Applied Statistics in Business & Economics by David P. Doane and Lori E. Seward, 7th edition",,,,,,,,,
1seXJLKmeN5bti5f,Syllabus_Spmgt461_DataAnalytics,single factual,What is the purpose of course assessments?,Yes,The learning value of course assessments is the quantitative feedback they provide.,,,,,,,,,
QNWnYJzLMRmEye1y,BCH8016 Solid State Analysis (SYL) 012219 - revised,yes/no,Is the medium of instruction in English?,Yes,Medium of Instruction: English,,,,,,,,,
G1R0EBmtdDTJHlSp,2023_Chem122_syllabus,summarization,Could you elaborate on the academic assessment grading?,"Lectures are for 250 points, problem sets 400 points, and homework is worth 250 points, for a total of 10% of the grade. The midterm exam is for 600 points, and the final exam is worth 500 points, accounting for 70% of the final grade. The lab exam is worth 500 points, or 20% of your overall grade.","Lectures are for 250 points, problem sets are worth 400 points, and homework is worth 250 points, totaling 10% of the mark.","The midterm test is for 600 points, and the final exam is worth 500 points, calculating 70% of the mark.","The lab test is worth 500 points, or 20% of the total grade.",,,,,,,
Zbzf3CPSzq1r0Kn2,270 Syllabus Fall 2022 (1),yes/no,Is there a policy on academic honesty for this course?,Yes,There is a policy on academic honesty for this course.,,,,,,,,,
BwhV0OAJSXaRdxRu,EME6651-SP2023_Syllabus,summarization,What are the administrative details on analytics assignments?,"Analytics assignments are released during every other module (starting with module 1) and are due during the following module. They are project-based and involve students applying analytics methods and models to draw inferences from real-world education datasets. Each submission will include the data used for the assignment (and any modifications made), the RapidMiner process, and a minimum 1-page report describing the methods and interpretations of results. ",Analytics assignments are released during every other module (starting with module 1) and are due during the following module.,Analytics assignments are project-based and involve students applying analytics methods and models to draw inferences from real-world education datasets.,"Analytics assignment submissions will include the data used for the assignments (and any modifications made), the RapidMiner process, and a minimum 1-page report describing the methods and interpretations of results.",,,,,,,
Wcdb3dAutXHYBnB6,FS542_food chem2,multi reasoning,Will I have the same amount of time to work on the makeup exam as the students taking the regular final exam?,"No, students taking the makeup exam will have 2 hours whereas the students taking the regular final exam will have a 48 hour window to complete on it.",,,,,,"The final exam will be open from
12/12/2022 10:10am to 12/14/22 10:10am = 48 hours",The Make-up exam is on 12/19/2022 from 10:30AM - 12:30PM = 2 hours,,,
n5np5Zarin7jHivQ,Honors 391AH - AA Media Pop Culture - Fall 2022 Syllabus,multi factual,What types of electronic devices are allowed in class?,You are allowed to bring a mobile phone and a laptop to class.,You are allowed to bring a mobile phone to class,You are also allowed to use a laptop in class to take notes ,,,,,,,,
DZI9mldRrnN9U75G,151 syllabus fall 2022 Rounds,summarization,What does students can do if they missed the exams?,If the students missed the exams due to valid reason they will one chance to make up.,Students with a valid excuse for missing an exam must present it to me before the exam. ,"If the excuse is valid and verified, I will drop that exam. ",Students may do this only once in a semester. , An exam missed without a valid excuse will be recorded as a zero., A schedule conflict is not a valid reason for missing an exam. ,,,,,
OMmPMYQUrJthae3j,vsyllabus 2022,multi reasoning,"Why is there so much ""non-required"" reading?","The required reading offers a general understand of the course materials. Additional readings aren't necessary, but will further help in understanding and improve class participation. ",,,,,,"The professor mentions that participation is required and is based on the ""extremely interesting"" articles they provided.",It is also mentioned that the reading assignments are exceptional for understanding the class material. ,"One could assume that the required readings are good for a standard understanding, and that further reading is always helping in a more in-depth understand of the material that will lead to doing better on the assignments, and in being able to contribute to class discussion.",,
GdD0H5ujWygaPdsR,advanced_system_software_design_redacted,single factual,What is the minimum score required to pass the course?,The minimum score to receive a D- in the course is 60.00.,Final Grade Distribution: 60.00 - 62.99 D-,,,,,,,,,
ZaeNYxWYAdPUCHs9,Acct 371 Syllabus - Spring,summarization,What do I need to do for class each day?,"Each class covers a chapter, that will need to be read and each will have a pre-quiz due before class. There are in-class assignments each day, that are required, and then quizzes each week to ensure you understood the material. Fridays will also just be homework days instead of actual in-class days. ","The homework will
consist of problems at the end of the chapter that will be assigned to you in
CNOW/Blackboard. I will assign homework problems for each chapter. We will also
have “Friday Homework” instead of meeting for class on Friday’s. ","There will be short quizzes before each Chapter that we cover. I
expect you to have an understanding of the material before we meet in class. These
quizzes will be due before we meet to cover the material in class.","There will be short quizzes each week during the semester in CNOW for each Chapter we cover. The quizzes will
be after we covered the material in class","Classes will consist of working on various problems on CNOW in groups, as a class or
with one of you leading the class.",,,,,,
ouIHnKf06xOUVWlf,Syllabus.Astron101.summer2023,single factual,Is this class asynchronous?,"Yes, however, you will need to check in daily between July 24th and August 4th as you will need to complete your daily observations.","Attendance Policy
There is no required attendance except between July 24th and August 4th when the students will need to
do their daily observations. Since this is an online class, students should try to log in ever day to do the
work and check for any important messages",,,,,,,,,
KSpLUE3UGo3bXik1,Syllabus. Multivariable Calculus,multi factual,What are the exams like for this class?,"This class has two evening midterm exams and a final exam. Exam 1 is Thursday, Oct 14th from 7-9PM. Exam 2 is Thursday, Nov 18th from 7-9PM. The date and time of the final exam will be determined during the semester. Location for each exam varies by section. Your instructor can provide that information.",This course will have two evening midterm exams and a final exam. ,"• Exam 1: Thursday, October 14th, 7-9 PM (location varies for different sections; ask your instructor)","Exam 2: Thursday, November 18th, 7-9 PM (location varies for different sections; ask your instructor) ","Final Exam: TBA 
",,,,,,
ravZ59rODM7wByMZ,130 syllabus_2 S 2023,multi factual,"What, if any, are the anticipated long-term takeaways from the class?","Long after the class if over, it is hoped the students will, 1.) make informed food choices, 2.) not develop an eating disorder, 3.) ability to assess nutrition claims","10 Years from now I hope you can say:
• I know how to decide what to eat

",• I don’t have an eating disorder,• I am confident that I can distinguish between good Nutrition reporting and product marketing/exaggerated claims/bad reporting.,,,,,,,
IgmBaavI0QdXHTFn,MIE 302 Spring 2022 Syllabus-v1,yes/no,Do I tell the instructor if I'm feeling sick?,Yes," if you are unwell, please stay home 
and inform the instructor! – t",,,,,,,,,
4m2qtiiTWYdQp3nP,Syllabus_Marine_Microbiome_2022_redacted,multi factual,What is the required textbook and where can I get it? ,Environmental Microbiology available at the library. ,"Environmental Microbiology – from genomes to biogeochemistry, Eugene L. Madsen, 2016,
John Wiley & Sons, Second Edition, ISBN 978-1-118-43963-0 ",Available through the UofSC library,,,,,,,,
5ftqLW1D9NSBMKXF,BDES-Syllabus-2021-v1rsb,single reasoning,Is there a class in February?,"No, the course runs in Fall.",,,,,,February is not in Fall.,,,,
mNd0Elw3kveYSXqH,Biol582_2022_Syllabus,single factual,How many quizzes will there be in this course?,There will be 14 quizzes in the course.,"Quizzes: Many class meetings will begin with a short quiz that will cover that day’s assigned readings. Quizzes will
be i&gt;clicker based and there will be 14 of them.",,,,,,,,,
QckLSsejH9RuwS6F,Syllabus Chem111-Fa22,multi factual,what are the types of homework?,"There are two types of homework, both on (OWL) that are (MAS) and the second is EOC/Review.",two types of homework (both on OWL) in this class,(MAS) OWL homework of each chapter,"the EOC/Review (end of the chapter) that is
optional (O) ",,,,,,,
7XzlJRufljQOFSy0,MGMNT 462_ Syllabus - Spring 2023,yes/no,"If ill, can I still receive participation credit somehow?",Yes,"If you feel ill, please do not come to class! You can get full participation credit even if you miss classes due to
illness (contact me).",,,,,,,,,
Mo8iijhTGQEe5Xxl,Animlsci581 Syllabus-v4,single factual,How many students will be in each presentation group?,There will be three to four students in the presentation groups.,Project presentations (3-4 students),,,,,,,,,
crzMd0XTBgkuN9n1,CS Syllabus for 568,multi reasoning,If I miss four classes will I still be able to make an A in this course?,"No, if you miss four classes your best possible sore is a C. ",,,,,,"If you miss more than two classes, your grade will drop by a letter grade.",If you miss more than four classes it will go down two grades.,,,
jsVND7lmrcbXI71l,JOURNAL 310 (International Journalism) Syllabus - 2022 Spring,multi reasoning,What can I do if I am struggling in this course?,"If you are struggling with this course, you can schedule an office hours appointment, try to participate more often in class, do the available extra credit, and keep track of their performance in the semester so far on Moodle",,,,,,Instructor has weekly office hours with an appointment process,Grading is based on social learning with peer and self evaluations,There is extra credit available,Students can monitor their on grade on Moodle,
URiTxaMdSe307nWt,web_syllabus_4670,multi reasoning,Is selling course materials from the blackboard considered academic misconduct?,Yes because the course materials are the intellectual property of the instructor.,,,,,,Course materials from the blackboard are intellectual property of the instructor.,The instructor prohibits selling course materials.,,,
ens9X911Br7sKWKn,101-f22-syll,multi factual,How will my grade be determined?,"Your grade will be a combination a 4 requirements. Homework assignments which will be 50% of the grade, Writing project which will be 15% of the grade, group problem solving which will be 15% of the grade and exams which will be 20% of the grade.",1. Homework Assignments (10*5=50%),2. Writing Project (3*5=15%),3. Group Problem Solving in Sections (10*1.5=15%),4. Exams (2*10 = 20%),,,,,,
ySe5engfUhrTxzxi,syllabus-2,summarization,Can I skip some of the homework,"Yes, but only some.","Grades will be assigned according to the following scale: A (93-100%), A- (90-92%),
B+ (87-89%), B (83-86%), B- (80-82%), C+ (77-79%), C (73-76%), C- (70-72%), D+
(65-69%), D (60-64%), F (&lt;60%).","Graduate students cannot earn grades of C-, D or D+, therefore scores lower than
73% are failing grades for graduate students.",Homework assignments (40%),,,,,,,
dRbsOWPvYqfazRKh,GEOG468668syllabusGIS_2023,yes/no,Is trigonometry a prerequisite for the course?,Yes,"High school math and geometry, including Trigonometry",,,,,,,,,
bhURPRsVIUQP2uYV,PSYCH 397D syllabus Spring 2023,multi factual,"What type of autistic experience will be discussed throughout the course? In addition, are there any named identities that will be discussed?","The lived experience of autistic children
and adults at the intersection of other identities, including race, gender, and sexuality, will be
discussed. ","The lived experience of autistic children
and adults","The lived experience of autistic children
and adults at the intersection of other identities, including race, gender, and sexuality, will be
discussed.",,,,,,,,
q97jWKKL4Gr9i5f7,315 Lab Syllabus 22-01-11,single factual,Are there any prerequisites for this class?,Orgo I is the prerequisite course for this class.,Prerequisites: Orgo 1,,,,,,,,,
7lnDoZpGJxn0iEM3,Syllabus_ISE4100_Au22_v3_redacted,summarization,What items should I acquire or bring with me to class?,"You can acquire Discrete-event system simulation 4th or 5th edition, and if you want more information on arena software, the simulation with arena book. Neither are required though. If you have PC you should get the free version of ARENA software, or on the mac setup your remote desktop software.","We will have two (non-required) textbooks. The first one will be
used in the lectures and the second one will be used in the labs.
• Jerry Banks, John S. Carson II, Barry L. Nelson, and David M. Nicol, Discrete-Event System
Simulation, 5th edition, Prentice Hall, 2010
• W. David Kelton, Randall P. Sadowski, and Nancy B. Zupick, Simulation with Arena, McGraw
Hill.
I recommend (but do not require) obtaining a copy of the first textbook if possible, as we will be
following that book closely. The US edition or the International edition are the same as far as I can tell,
and the 4th edition is largely similar to the 5th edition too, so all these editions can work. The second
textbook on the Arena software is a good reference if you are looking for one, but not required.","We will use the ARENA software in the lab. This software is available
on computers in OSU Baker Systems labs, and via remote access.
A free student version of the software is available for Windows devices and can be obtained from the
software’s website; the capabilities of this free version are sufficient for the lab, and therefore you may
choose to use this on your personal device to complete labs if you’d like. A Mac version is not available;
therefore, if you are a Mac-user, you can plan to use remote desktop to access ARENA on OSU computers
when not on campus. Finally, note that while the free student version will have sufficient capabilities for
completing the labs, you will likely need the full licensed version, available on Baker System computers,
to complete the course project.",,,,,,,,
q5gWGzPQ855kAvmD,ENG 204 syllabus_FA 2021,multi reasoning,Can I do  A Music performance for the final project and can it be with a friend of mine the class? ,Yes you can work with other student in class and I musical performance as long as relevant seems to be ok. ,,,,,,You can work with a group or individual. ,You can either write a paper or can do a creative project. ,A creative project is not limited to the list in the sylabus which includes short story or film. ,,
PuMFTHvTE1TOLZIj,Syllabus SPP 697 PM 2023 (clean),summarization,Will there be any breaks during the semister,There will be on class on March 14 or April 18.,"Course Outline
Session 1 – Course Orientation, Introductions, and Overview of the Evolution of the
Performance Management Movement in the U.S. (February 7)
Session 2 - Creating a Performance Context with Strategic Outcomes, Strategic Foresight,
Strategic Planning, and Enterprise Risk Management (February 14)
Session 3 - Alternative Approaches and Tools for Creating Performance Management
Frameworks (February 21)
Session 4 - Selecting, Defining, and Collecting Data and Performance Measures (February 28)
Session 5 - Analyzing and Using Data and Evidence to Inform Decisions (March 7)
-- Spring Break; No Class on March 14 --","Session 6 - Analyzing and Using Data and Evidence to Improve Performance (March 21)
Session 7 - Creating Incentives and Accountability for Performance (March 28)
Session 8 – Using Evidence and Evaluation Techniques (April 4)
Session 9 – Building Institutional Capacity to Ensure Sustainability (April 11)
-- Patriots’ Day Holiday; No Class on April 18 --",,,,,,,,
Zh2rmcOgWtwzWyQF,MUSIC-ED 500KU Syllabus S23,multi factual,What sort of seminar assignments will there be?,"Seminar assignments will consist of: 1) Weekly assignments such as readings, reflections, Measure of Student Learning evidence, etc., 2) Midpoint and final reports for each placement, 3) Your professional resume, and 4) A sample cover letter.","o Weekly assignments such as readings,
reflections, Measure of Student Learning
evidence, etc.",o Midpoint and final reports for each placement,o Your professional resume,o A sample cover letter,,,,,,
1awK2w7h1AIt1GCO,Sch Mgmt 652 Syllabus - Fully OnLine,yes/no,Does this class cover the Trump era tax act?,Yes,"We will review the not-so recently passed tax
legislation, The Tax Cuts and Jobs Act of 2017 and other recently passed legislation.",,,,,,,,,
a5x6X6FFYB4LAMss,Spring 2022 SCH-MGMT 697DS Data Science for Business Syllabus,yes/no,Is class participation part of your grade?,Yes,"Class participation, interaction, and professionalism 10%",,,,,,,,,
HGyklR4BKc2jhmF1,syllabus-RESEC213-2023spring-yp,yes/no,Are all the classes in the same building?,No,"• Lecture
– Monday/Wednesday 4:00p-5:15p at Integrative Learning Center S211
• Discussion section
– RES-ECON 213-01AA: Friday 10:10am-11:00pm at Flint Laboratory room 103
– RES-ECON 213-01AB: Friday 11:15am-12:05pm at Flint Laboratory room 103
– RES-ECON 213-01AC: Friday 12:20pm-1:10pm at Flint Laboratory room 103
",,,,,,,,,
rDMuiwbHi1Cpbx08,PH224_Syllabus_Spring23,yes/no,Does this class have an online hub for us.,Yes,"3-Credit, Moodle-Supported Course
SPIRE course ID:",,,,,,,,,
oeSIj0ygmqSjLGOk,Syllabus-549,yes/no,Are there any required texts for this course?,No,Text: None required.,,,,,,,,,
Bmh9aGwS648OUG4M,Teaching Math in Elementary School 2 Proposed Syllabus,summarization,can you provide some details on the Quizzes?,"Quizzes will be every Monday, it will be submitted via moodles, each quiz has the same weight, the final score will be the average score",There will be weekly quizzes about the material discussed in the week. ,The quiz will be on Monday.,"Submission requirements:
■ On Moodle ","Grading policy:
■ Each quiz has the same weight
■ The averaged score will be used as the final score",,,,,,
RfdVrMvvNZCdWu8t,Syllabus_BIOLOGY497G_BIOLOGY697G_FA22,single reasoning,"If I fail all of the problem sets, will I fail the course for 497?",You will fail the course if you fail all of the problem sets.,,,,,,Problem sets account for 63% of the mark.  37% of the mark comes from reading/discussion reflections & the report/presentation. The 1% mentioned for attendance/participation would only be used if someone was close to another letter grade.,,,,
T09uZl9hiGHqjO2o,Nutr_130H_Syllabus_2021Fall,multi factual,How many exams and quizzes are there and how much do they affect my grade?,"There will be two exams, each worth 20% of your grade.  There will be four quizzes, each worth 5% of your grade.",Exams: (2 exams X 20% = 40% of the total 100 pts),"Quizzes: (4 quizzes in total, 4 X 5% = 20% of the total 100 pts",,,,,,,,
wXs15ddLobEHKBtN,UMASS-Math3312023,yes/no,Can I get a hard copy of the textbook?,Yes,When setting-up your account with Wiley plus there will be an option to purchase a hard copy of the book for a (small) extra-fee.,,,,,,,,,
azNk44ny51TdnEyn,syllabus_606,single reasoning,Will late homework assignments be accepted?,Late homework assignments will be accepted up to 5 days past the due date with a ten percent reduction in point value for each day the homework assignment is late.,,,,,,"There is a 10% reduction in points each day, up to 5 days after the due date for the homework. Solutions are posted on day 5.",,,,
sFYsNzAFBTjwOUDG,MIE 380 syllabus F22,yes/no,Whether it is necessary for us to be familiar with Math 432?,No,"Math 235, MIE 273/CEE 260, MIE 379 is preferable, and MIE 124 or an equivalent are required. 
",,,,,,,,,
8rTQlMFpYvBM6dRu,L0,summarization,What is the exam schedule going to be like?,"There will be a final exam in the first half of February.  If you fail the exam, there will be a second exam available for you to take in April or May.",The first exam takes place in the first half of February (subject to room availability). ,"There will be a second
written final exam only for those students who fail the first exam. This exam takes place in April or May.",,,,,,,,
LaZ0UdREN7YNnxiV,num_analysis_redacted,summarization,Can you give an example of some topics that are covered in this course?,"The course will cover a variety of topic pertaining to mathematical concepts such as apporx. theory, numerical integration and differential. There will be a variety of disciplines such as homework, exams and projects. ","There will be regular homeworks, exams, and programming projects.",4. Approximation Theory,5. Numerical integration and differentiation.,,,,,,,
oz5KaK84pYgeuIqe,syllabus_fall2022-revised2,yes/no,I took AP Stats in high school. Do I still have to do an introductory stats course at UMass?,No,"If you have not taken an intro
stats course at UMass but still want to enroll in this course, you are encouraged to petition the
instructor for permission, especially if any of the following apply: (a) you have taken AP Stats in
high school.",,,,,,,,,
8TdL6E9YZlH7Ldpy,BIOCHEM 320 Syllabus SP23 2 Feb 2023,summarization,What are the administrative details of the homework assignments?,"There are 13 homework assignments that start Week 1 and end Week 13, and are all available through Pearson’s web-based app called Mastering Chemistry. Each assignment will be available Tuesday morning and due at 11:59 pm the following Sunday. You can attempt each assignment five times and Mastering Chemistry will keep your highest score. Your total homework grade will be calculated by averaging your highest 10 homework scores.",These homework assignments will be available through Pearson’s web-based app called Mastering Chemistry.,There are 13 assignments and they start Week 1 and end Week 13.,Each one will be available Tuesday morning and due at 11:59 pm the following Sunday.,You will have five attempts to complete the assignment and Mastering Chemistry will keep your highest score.,"At the end of the semester, I will calculate your grade by averaging your highest 10 homework scores.",,,,,
LYeuG5mfckL4nI3Q,MKTG 497G Customer Insight Syllabus S2023,multi factual,"Do we need to complete any group work, and if so how are we graded?","Yes, you are required to complete  one group project. You are graded based on five criteria:Group project plan (10 pts), Data collection and analysis report (50 pts), Customer journey map (80 pts), Executive summary (80 pts), andClass presentation (80 pts) 
","The culmination of the course will be a group research project. I will form teams based on
student interests and experience in an effort to create well-rounded groups. Each project will
involve identifying a research problem, proposing specific research questions, collecting and
analyzing qualitative data, and creating actionable insights","1. Group project plan (10 pts)
2. Data collection and analysis report (50 pts)
3. Customer journey map (80 pts)
4. Executive summary (80 pts)
5. Class presentation (80 pts) 
",,,,,,,,
KllogPcCRgQL9y6I,Legal 297BL Syllabus,single factual,What percentage of my grade do reading quizzes make up?,Reading quizzes are a total of 20% of your total grade.,"Reading Quizzes (20%)
",,,,,,,,,
dVKb4MrSjvbOKHG7,stat-111-syl-spring 2023,yes/no,"Is there any makeup for quizzes in the course schedule if I miss the quizzes?
",No,There are no make-up quizzes for students who miss quizzes due to conflicts or emergencies.,,,,,,,,,
LjqKLi7t5mCoNKks,Syllabus Bio 544 lecture S23,summarization,What happens if my assignments are handed in late?,"Please take and turn in notes on all required readings. These study notes are due prior to class on
the date that a reading is due for completion. Grades for notes turned in up to 24 hours after the
deadline will be reduced by 50%. Grades for notes turned in more than 24 hours after the ?
deadline will be reduced by 75%. No exceptions.","These study notes are due prior to class on
the date that a reading is due for completion.","Grades for notes turned in up to 24 hours after the
deadline will be reduced by 50%.","Grades for notes turned in more than 24 hours after the ?
deadline will be reduced by 75%",No exceptions.,,,,,,
0gTbgMmXjsnNHfsS,Syllabus_IntroGIS_Fall2022,yes/no,"Is 91% score an ""A""",No,Grading: A-: 92.9% to 90.0%,,,,,,,,,
m8R8C9ykieVkKLyW,cs466_sp21_info_redacted,multi reasoning,What is the final topic covered before the Midterm Exam in the course?,Hash Fns will be the last topic covered prior to the midterm exam.,,,,,,Mar. 11: Hash Fns,"Mar. 16: MIDTERM, HW3 in",,,
VUOH18X1wfYSZm1s,"CS4501-001_ Privacy in the Internet Age, Fall 2021_1",multi factual,"If I have a question about the course, what options do I have?","Depending on the nature of your question, you can post it to Piazza, visit the professor or TA during office hours, or email the professor directly.","Piazza: Long-form questions, notes, private messages for faculty/TA, regrade request","Office hours:
&lt;PROF_FIRST_NAME&gt;: Wed 3:30-4:30pm (Rice 403), Fri 2:00-2:30pm
(Discord) &lt;TA_FIRST_NAME&gt;: TuTh 9:30-11:30am (Discord)
&lt;TA_FIRST_NAME&gt;: Mon 3:30-4:30pm, Fri 1:00-2:00pm (Discord)","If you want to discuss other topics or
have personal/team issues that can and should only be handled by a professor, please email me directly ",,,,,,,
kYmtBpbCzwjJfOoV,soc795E,summarization,What resources could help me with some of the math in the class?,"There are three recommended books to help with understanding any math concepts that may arise in the course: Calculus for Biology and Medicine (Neuhauser 2009); A Course in Mathematical Modeling (Mooney & Swift 1999); and Introduction to Mathematical Sociology (Bonacich & Lu, 2012).",Calculus for Biology and Medicine (Neuhauser 2009),A Course in Mathematical Modeling (Mooney & Swift 1999),"Introduction to Mathematical Sociology (Bonacich & Lu, 2012)",,,,,,,
4VVShayFQlINDRxL,Syllabus_Grounding_S_2023,yes/no,Will this class be virtual only?,No,"Class Meetings: Thursday 1:00PM - 3:30PM, South College Room E301 ",,,,,,,,,
P1Edce6DlITIAcsF,Syllabus_209H_230301,yes/no,Is there a required textbook for this course?,No,"There is no textbook for this course. Most of the materials will be primary source scientific articles, book chapters, and media articles to be distributed via Moodle.",,,,,,,,,
Pbjm6Q32NlTg8Ij4,FIN 408 Syllabus updated v2,multi factual,What is involved in group assignments and how many are in a group?,"Group projects are encouraged to be done in groups of four or five. You can form your own
groups, or I will assign you to groups randomly. Group assignments include solving three cases and one problem set with data analysis. ","Group projects are encouraged to be done in groups of four or five. You can form your own
groups, or I will assign you to groups randomly.",Group assignments include solving three cases and one problem set with data analysis. ,,,,,,,,
F2PjV6jXZFgXkjot,1. Syllabus 2023,single factual,What date is the last day of the class?,The last day of the class is on March 7 Tuesday,"February 7-March 7, Tuesday 6:00 – 8:00 pm",,,,,,,,,
QQcPIAt4WLH6ngt8,Most Recent P132 Syllabus - Spring 2022,multi factual,What does the module extensively used for?,"Modules can be used for taking surveys, to get extra credit opportunities, posting slides and other resources."," I will use Moodle extensively for:
● Hub for all other tools","
● Surveys","
● Posting slides and other resources
",● Extra credit opportunities.,,,,,,
xXAJlzPGklpa3qS1,796 Syllabus,single reasoning,"Are readings only important for tests and assignments, or will the text be used in lectures as well?","Class participation is an important element of this course. Students are expected to participate in classroom discussions based on the course materials, so it is important that students come to class having read the materials specified in the syllabus. ",,,,,,"Students are expected to come to class ready with questions for participating in discussions, so it stands to reason those discussions will be about the most recent readings and course materials.",,,,
hWTLB4nc6rUzKHjm,ResEcon-213-Fall-2022,multi reasoning,"If you miss class and don't turn in homework, by how much will your score be affected?","If you miss class and are late turning in homework, your grade will be impacted by up to 15%",,,,,,Attendance counts for 3% of your grade,Homework is 12% of your final grade,,,
28epN9qgropP4FbF,Syllabus_Spmgt461_DataAnalytics,yes/no,Does this class have a large project?,Yes,18% TMSIDK Data analysis project,,,,,,,,,
5QOTecrGrcaONNKg,BCH8016 Solid State Analysis (SYL) 012219 - revised,single reasoning,Will I get at least a B if I provide a basic explanation of the selected instrument design principle with data in a report?,"No, you will receive a D if you provide a basic explanation of the selected instrument design principle with data in a report.",,,,,,"Assessment Rubrics: Marginal (D)
Basic explanation of the selected instrument design principle with
data.",,,,
oXlC8yKRghw3eEz9,2023_Chem122_syllabus,multi reasoning,"I will be unable to take the second midterm exam, is it still possible for me to earn an A in the course?","Yes, it is possible for you to earn a grade in the A range for this course if you are unable to take the second midterm exam. Each midterm is worth 200 points, which is 8% of the total grade. Assuming a perfect score on all other components of the course, the maximum score possible is 92%. To earn a grade in the A range, you need to earn at least 90%.",,,,,,"Each midterm is worth 200 points, which is 8% of the total grade.","Assuming a perfect score on all other components of the course, the maximum score possible is 92%",A/A- 90-100%,,
dLiP2UDAovPkKJSn,270 Syllabus Fall 2022 (1),single factual,Do I need to wear masks in this class?,You need to follow university wide policy for mask usage in this class.,"Mask Policy
Students are expected to adhere to university policy regarding face coverings and COVID
precautions.",,,,,,,,,
fjk0JyhIFtIDR0Om,EME6651-SP2023_Syllabus,single reasoning,I have no idea what I am doing for the course will this be an issue?,No it won’t be an issue. This course is designed for students new to the topic,,,,,,This course has no pre-requisites and assumes no prior knowledge,,,,
5pq7s7okC6pufJYK,FS542_food chem2,yes/no,Are online quizzes taken on Moodle?,Yes,Online quizzes: there will be 4 online quizzes on moodle,,,,,,,,,
cRZixgQs1UcrKgLG,Honors 391AH - AA Media Pop Culture - Fall 2022 Syllabus,multi reasoning,I will be unavailable to present a final project the weekends of December 2 an December 9. Will I still pass the course with a C grade if i miss the final project?,"No, you will not be able to get an C if you miss the final project, because a C grade requires a score of 70 and above. The final project accounts for 40% of your grade. Assuming a perfect score in the rest of the assessment components (attendance, weekly essays, and classroom engagement) the maximum score possible is 60 if you miss the final project.",,,,,,Final project carries 40 points. 100 minus 40 leaves 60 points.,Student requires 70 and above to get a C. Student cannot pass course if they omit the final project.,,,
qa5HrQ7LbqK922qd,151 syllabus fall 2022 Rounds,multi factual,Which course topics focus expressly on protein in cells?,"The course topics focused on protein in cells are Protein form, Protein trafficking/folding, and Protein function.","Topics that will be covered in the order shown below and we will spend roughly a week on each
topic. 
8. Protein form",9. Protein trafficking/folding,10. Protein function,,,,,,,
boV3A1MR6oLswtnB,vsyllabus 2022,multi factual,What are the breakdown of assignments and tests that are used in the grade. ,"The grade for assignments is made up of a Midterm which is 10% of the grade, Weekly Assignments of 35% and final project of 35%","In addition, there will be weekly assignments, a midterm assignment, and a
final assignment.",Midterm 10%,Weekly Assignments 35%,Final project 35%,,,,,,
RbQxRNIZqmuCxT8y,advanced_system_software_design_redacted,multi factual,What prerequisites are required for taking this class?,"You need to have previously taken Systems Programming, Hardware Organization, and C Programming language. ","The prerequisites are including Systems Programming,",Hardware Organization,C Programming language,,,,,,,
oIKEsRtuZnvtQKTL,Acct 371 Syllabus - Spring,single reasoning,I'm going to be out of town from 2/22 to 2/28. I will still be available to do the online assignments. What chapters will I miss during that week in class?,We will be covering Chapter 4 and Chapter 5 of the textbook during that time.,,,,,,"Chapter 4 is being covered during the week of 2/20, and Chapter 5 is being covered during the week of 2/27.",,,,
oeDmczw5E5AVcbbd,Syllabus.Astron101.summer2023,multi factual,How many exams are there and what are the styles of these exams?,"There are two exams, a midterm, and a final.  They will be open book and open note exams.",Midterm and Final,The Midterm and Final will be open book and open notes.,,,,,,,,
5o8oqsRvqzsB2Hz1,Syllabus. Multivariable Calculus,single factual,How much would a leaf copy cost if we were thinking about purchasing one?,"If you want one, you can buy it for $35.",$35,,,,,,,,,
gnJH6ReaLlAZ51Ml,130 syllabus_2 S 2023,multi reasoning,Does the professor focus more on US data or global data?,The professor will examine global data in order to provide the most well-rounded view of the topic.,,,,,,The 2nd unit is on Global Health.,The course touches on health disparities as a cause of poor nutrition.,The syllabus focused on Diversity and Inclusion.,The Biological Sciences Observations referenced include knowledge of the history of nutrition and current research in nutrition.,
ypMqWlGgztV80kdB,MIE 302 Spring 2022 Syllabus-v1,single reasoning,Are there any specific activities that are prohibited during lab sessions?,Eating and drinking outside foods are not permitted during the lab.,,,,,,Food and drink may not be brought into the lab.,,,,
OoVHzWW0E6xoZk6q,Syllabus_Marine_Microbiome_2022_redacted,summarization,What is the purpose of the Carolinian Creed?,The Carolinian Creed is to give an expectation to students of how they are supposed to conduct themselves with integrity.,"Carolinian Creed is as follows: 

A a Carolinian",I will practice personal and academic integrity,I will respect the dignity of all persons,I will respect the rights and property of others,"I will discourage bigotry, while striving to learn from differences in people, ideas, and opinions",,,,,
UpiXnEAL6neVoIq1,BDES-Syllabus-2021-v1rsb,multi factual,How are grades determined?,"Grades are determined by Project Proposal, Needs Assessment, Risks and Challenges, Final Project, and Class Participation.",Project Proposal,Needs Assessment,Risks and Challenges,Final Project,Class Participation,,,,,
u2eZHvDwSTev5HXM,Biol582_2022_Syllabus,yes/no,Are the exams in the course cumulative?,No,They will not be cumulative.,,,,,,,,,
vCQsbd8QumP2IKXA,Syllabus Chem111-Fa22,multi factual,What are valid reasons for missing an exam? ,"Documented Military Service, Varsity Sports, Living in a different time zone and Covid 19. ",military service,religious observance,"varsity
sports,","living in a different time zone,",COVID-19 related issues,,,,,
rhp92jFiL9mbHgtd,MGMNT 462_ Syllabus - Spring 2023,single reasoning,What grade a student can get if he gets full points on all individual and group assignments and two midterm exams?,The student can get B- if he get full points on all individual and group assignments and two midterm exams. ,,,,,,"Social Entrepreneur Profile 10%
Social Venture Profile 10%
Midterm Exam 1 20%
Midterm Exam 2 20%
Team: Social Venture Assessment Report 15%
Team: Social Venture Pitch 5%, 
If a student get full points from above list, he can get 80%. If exams are not curved, then he can get 80 (B-),",,,,
XB3lIAfSpN36ZL0S,Animlsci581 Syllabus-v4,multi reasoning,Will I be provided accommodation if I am physically disabled?,Students can be provided accommodations if they have a documented physical disability with Disability Services and contact the professor within 2 weeks of the course's start. ,,,,,,"The University of Massachusetts Amherst is committed to providing an equal educational opportunity for all
students.","If you have a physical disability that is documented with Disability Services, you may be eligible for reasonable accommodations.",Contact the professor within 2 weeks,,
olLiNZUj0ezbSaro,CS Syllabus for 568,multi reasoning,What will happen if I forget to read the material for a class?,"In class, students will be randomly selected to answer questions from other students and/or asked to summarize a paper. If it is clear you have not done the reading, this will have a negative impact on your class participation grade, which is worth 30% of your overall grade.  ",,,,,,"In class, students will be randomly selected to answers others students questions and or asked to summarize a paper.",Reading Report & Class Participation* 30%,,,
6fSxOOu3LjwnuD7v,JOURNAL 310 (International Journalism) Syllabus - 2022 Spring,multi factual,What will determine our grade in this course?,"A student's numerical grade will be calculated with a student's performance in Weekly Quizzes, Participation, Course Project Checkpoints, Course Project Submission, and Book Discussion. A student's final letter grade will be determined using the letter grade scale. ","Grade Calculation: Your course grade will be calculated as follows:
● Weekly Quizzes: 80 points (10 each; two lowest grades dropped)
● Participation: 90 points (5 each; lowest grade dropped for each participation period)
● Course Project Checkpoints: 90 points (30 each)
● Course Project Submission: 70 points
● Book Discussion: 40 points
● (Total: 370 points)","A: Achievement that is outstanding relative to the level necessary to meet course
requirements. (A: 93-100%; A-: 90-92.99%)
● B: Achievement that is significantly above the level necessary to meet course
requirements. (B+: 87-89.99%; B: 83-86.99%; B-: 80-82.99%)
● C: Achievement that meets course requirements in every respect. (C+: 77-79.99%; C:
73-76.99%; C-: 70-72.99%)
● D: Achievement that is worthy of credit even though it fails to meet fully the course
requirements. (D+: 67-69.99%; D: 60-66.99%)
● F: Represents failure and signifies that the work was either completed but at a level of
achievement that is not worthy of credit or was not completed. (F: 59.99% and below)
● I (Incomplete) – This grade is rare and will be assigned at the discretion of the instructor.
An incomplete grade will be considered only when documented, extraordinary
circumstances beyond control, or ability to anticipate, prohibit timely completion of the
course requirements. Additionally, students must (1) have successfully completed a
substantial portion of the required coursework and (2) be determined by the instructor to
be capable of completing the remaining coursework within one calendar year. An
Incomplete will not be granted to students presently failing the course. Students
requesting an Incomplete must enter into a written agreement with the instructor
establishing the coursework to be completed and the timeframe in which it will be
completed",,,,,,,,
9mP1xwX73pnrc0Pk,web_syllabus_4670,yes/no,Does this course have labs?,Yes,There are five labs,,,,,,,,,
hTiPxD4UhwwZTnzI,101-f22-syll,multi factual,What are the main things we will accomplish in this course?,"During this course, we aim to explain language as a mental phenomenon, discuss commonalities in anguage, discuss dialect prejudice and other misconceptions, talk about social issues in relation to language, and use critical thinking when it comes to language.",1) explain what is meant by language as a mental phenomenon.,2) discuss commonalities among all human languages (signed and spoken).,"3) discuss misconceptions about and attitudes toward dialects, in particular dialect prejudice.",4) investigate issues related to language in social contexts.,"5) develop and practice the skills of critical thinking, reasoning, communication, and integration
of knowledge and perspectives, including:  a) Communicating persuasively and effectively orally and in writing;
b) Working effectively and collaboratively (in groups, across perspectives). 
",,,,,
L0Pi7gLkr6fvRe9g,syllabus-2,yes/no,Will there be homework for this course?,Yes,Homework problems will be assigned each week,,,,,,,,,
R7NZ9gXW2xGxZKai,GEOG468668syllabusGIS_2023,single reasoning,Can I submit my homework assignments after the deadline?,"No, you cannot submit your homework assignments after the deadline since the syllabus states that late submissions will not be accepted.",,,,,,The syllabus states that late submissions will not be accepted.,,,,
F5VLUVoofukcqAKU,PSYCH 397D syllabus Spring 2023,yes/no,Will films be shown as part of the course material?,Yes,You will read one book and watch three films throughout the semester. ,,,,,,,,,
Yb5vLdIWGqZPzzGe,315 Lab Syllabus 22-01-11,multi factual,What are the Excels graded on?,"Excels are graded in equals parts based on completion and accuracy of the raw data, the organization and correct calculates of concentrations, confidence intervals, and hypothesis tests, and the summary and post lab questions. ","1. 20% Completion, & Accuracy and Precision of the raw data (Info & Data tabs)","2. 20% Organization & Correctly Calculating the Concentrations of unknowns
(Concentrations tab)","3. 20% Organization & Correctly Calculating the Confidence intervals for the
unknowns (Error Prop & CI tab)","4. 20% Organization & Correctly doing and interpreting the Hypothesis tests
(Hypothesis Testing tab)",5. 20% Summary & Post Lab Question (Summary and Questions tab),,,,,
rFplk5saBDTyBGKO,Syllabus_ISE4100_Au22_v3_redacted,summarization,How many tests are required to be completed?,"There are 3 quizzes, a midterm, and a final exam that are required tests to complete this course.",We will have our midterm exam and a comprehensive final exam. There will also be quizzes which include both the methodology part and the application (software) part.,"The midterm will be on Wednesday, October 12th, during class time.","By the university's Autumn 2022 Final Examination Schedule, the final exam will be on Wednesday, December 14th, 10am-11:45am.",Tentative dates for quizzes are given in the course outline. Quizzes will be online through Carmen.,"9/1 Quiz 0, 9/21 Quiz 1, 11/7 Quiz 2",,,,,
rBsGN3DCBlKdZDB2,ENG 204 syllabus_FA 2021,single reasoning,I won't be in class on 11/16. What topic will I miss?,"You will likely miss the seminar about Franny Choi's ""Soft Science"" on 11/16. ",,,,,,"On this date, the class will be discussing Franny Choi's Soft Science, so this is the topic that the student will likely miss.",,,,
VHnSTFaHNjQPm8Ac,Syllabus SPP 697 PM 2023 (clean),yes/no,Will service as a co-moderator count directly as a percentage of the grade in the course?,Yes,"2. Service as Co-Moderator, for two session segments (10%)",,,,,,,,,
lheWIYayGDSVsSU8,MUSIC-ED 500KU Syllabus S23,multi reasoning,I submitted a student teacher seminar assignment late by a day. Will I still receive full marks for that assignment?,No. You will not receive full marks for that assignment. There will be at least a 25% deduction to your grade.,,,,,,An assignment that is 15 minutes to 1 week late will receive a maximum of 75% credit.,A day is between the 15 minutes to a week time-frame associated with a maximum of 75% credit.,There will be a minimum of a 25% deduction.,,
GyL38UKZSg44hYHe,Sch Mgmt 652 Syllabus - Fully OnLine,single factual,"How many points have been allocated for homework?
","In this subject, homework was worth 20% of the grade.
",Homework -20%,,,,,,,,,
KA0Ic58YK1njCGgy,Spring 2022 SCH-MGMT 697DS Data Science for Business Syllabus,single factual,How do I get access to Tableau?,You can access the Tableau software from the classroom or by using the Isenberg Virtual Desktop.,Some exercises will require the use of Tableau software which can be accessed in the classroom and through the Isenberg Virtual Desktop.,,,,,,,,,
6src469NO2DLsMok,syllabus-RESEC213-2023spring-yp,summarization,What are the experimental goals of the class?,"The goal of the experimental goals is to collaborate with others on group work, activities, and assignments as well as active learning strategies.","EG	#1 Enhance	teamwork/collaborative	skills	
through group work, activities, assignments,	
etc.","EG	#2 Experience	active	learning	strategies:	flipped	
classrooms,	debate,	field	trips,	economic	
experiments	and	games,	presentations,	
student-response	system	(e.g.,	iClicker,
Google	Forms),	etc.",,,,,,,,
7CyqRG9eAP7cXdt1,PH224_Syllabus_Spring23,yes/no,Will this course be taught online?,No,"This course will be
taught in-person for
Spring 2023:
• T/Th 11:30-12:45 PM
• Herter Hall, room 227",,,,,,,,,
zN5PHlqmqM9pVld6,Syllabus-549,single factual,When are the office hours for this course?,Tuesday and Thursday 1-2pm at 234A Marston Hall,"Office Hours:
Tuesday and Thursday 1pm-2pm (234A Marston Hall) ",,,,,,,,,
rjUuEQdLH8gxLwHC,Teaching Math in Elementary School 2 Proposed Syllabus,multi factual,"What are some things that can hurt my grade, besides test scores?",Failure to contribute on a group project or missing too many classes can negatively affect your grade.,"Group members who did not contribute appropriately will have a
reduced grade","If you miss 3 or more in-person class meetings (assuming the course meets once per week for a regular
semester), the instructor reserves the right to assign an F as your grade in the course. ",,,,,,,,
bzgyx3GxJJedoNvr,Syllabus_BIOLOGY497G_BIOLOGY697G_FA22,summarization,How are grades determined in the 697 class?,"There are a total of 278 points. 180 points come from the problem sets, 18 points come from reading and discussion reflections, 40 points come from the genetic testing report, and 40 points come from the genetic testing presentation.","There is a total of 278 possible points for 697
* Problem Sets (12 @ 15 pts) 180 pts",* Reading and Discussion Reflections (10 @ 2 pts) 18 pts (can drop 1),* Attendance and Participation (This will be used to boost your grade if you are within 1% of the next highest grade),* Genetic Testing Report 40 pts,* Genetic Testing Presentation 40 pts,,,,,
XUG2eogQ2xzYj6jN,Nutr_130H_Syllabus_2021Fall,summarization,Can you tell me about any diversity policy the class has?,"This class focuses on facilitating learning by being inclusive and respectful of all students. This includes but is not limited to age, economic circumstances, ethnic identification, disability, gender, geographic origin, race, religion, sexual orientation, and social position.","Valuing, Recognizing, and Encouraging Diversity
Promoting and valuing diversity in the classroom enriches learning and broadens everyone’s
perspectives. Inclusion and tolerance can lead to respect for others and their opinions and is
critical to maximizing the learning that we expect in this course. Our own closely held ideas and
personal comfort zones may be challenged. The results, however, create a sense of community
and promote excellence in the learning environment. ","Diversity includes consideration of (1) the
variety of life experiences others have had, and (2) factors related to “diversity of presence,”
including, age, economic circumstances, ethnic identification, disability, gender, geographic
origin, race, religion, sexual orientation, social position.","This class will follow principles of
inclusion, respect, tolerance, and acceptance that support the values of diversity.",,,,,,,
mZpTXEbVGRC8srec,UMASS-Math3312023,multi factual,Can I schedule my final for a different date or time?,The University has the final scheduled for 5/23/2023 from 3:30-5:30pm. The final is only given at that time and you may not be admitted if you are more than 30 minutes late. Make-up exams must be requested no later than 2 weeks before the exam at 5pm. For any unexpected requested you must contact your instructor within 48 hours of the exam (unless there are circumstances preventing).,"The date
and time of the final exam will be scheduled by the university. The final will only be given at that time,
and not at any other time for any reason.",You will not be admitted to the exam more than 30 minutes late,"Make-up exam policy: Make-up exams are given for University approved reasons. Make-up exams
MUST be requested (by providing documentation) no later than 2 weeks before the exam at 5 pm
for all reasons that can be anticipated prior to the exam. For unexpected requests (illness, etc), you
must contact your instructor within 48 hours of the exam (unless there are circumstances preventing).
this) and provide documentation supporting your University approved absence as soon as you return
to campus.","Final Exam
on 5/23/2023
3:30 - 5:30pm",,,,,,
cgA7EVPH2ENhD6Z3,syllabus_606,multi reasoning,I learn better with the presence of other people.  What are my best options for learning in this course?,"If you learn better in person, you can attend lectures on Monday and Wednesday from 2:30- 3:45 pm and get personal help from the instructor in the Physical Sciences Building West 105 on Fridays at 9:00 am in room PSB W105.",,,,,,You can attend lectures on Monday & Wednesday 2:30-3:45.,There are instructor help hours in the Physical Sciences Building West 105 on Fridays at 9:00 am in room PSB W105,,,
t2k6mLRdoIMtzcw5,MIE 380 syllabus F22,multi reasoning,Do you take attendance? ,Yes attendance is taken but not part of a grade.  But is very important. ,,,,,,Attendance is expected,Attendance is not a grade part,The professor states that you must notify him why and if you are going to be out of class. ,,
ZKw5cny0BbpsWEbw,L0,summarization,What do I need to know to be successful at taking the exams?,"To be successful at taking the exams, you need to be prepared to write since it is a written exam.  You will have to study the lectures, exercise seiions, and discussions.  If you are having trouble, there is a second exam for those who fail the first exam.  Also, if you are active in the discussions, you can get extra credit points towards the final exam.  Most importantly, you have to register for the exams.",The type of examination is written.,"The questions are from the lecture notes, exercises, and discussions. 
","There will be a second
written final exam only for those students who fail the first exam.","Active participation in the discussions (during lecture and exercise
sessions) results in bonus points in the final exam.","You need to register for the final exam and send the registration confirmation to the lecturer.
",,,,,
nPGIVbhYw4rrBhrq,num_analysis_redacted,yes/no,Will there be programming projects in this class?,Yes,"There will be regular homeworks, exams and programming projects.",,,,,,,,,
A3P678ELHnxTARiE,syllabus_fall2022-revised2,summarization,What all contributes to the final grade in this course?,"40% of the grade will com from problem sets which will be administered in the form of homework, in-class quizzes account for 10%, and in-class midterm accounts for 20%, the final exam accounts for 15%, and a take home project also accounts for another 15%.","Homework	(40%): There	will	be	approximately	5	homework	assignments	that	you	will	complete
over	the	course	of	the	semester. Each	assignment	will	have	components	that	you	will	hand	in	for
grading. Assignments	and	due	dates	will	be	posted	in	advance	on	the	course	website. The
assignments will be graded. Most assignments will require you to submit a digital file with	
reproducible	solutions,	i.e. a	Rmd	file	that	reproduces	your	answers. Late	homeworks	will	not	be
accepted under any circumstances. If a homework is not handed in on time, it will receive a	
grade	of	zero.
In-class quizzes (10%):	There will be a in-class quizzes in this course that will cover material in	
Units	1	- 4	and	will	be	announced	periodically	in	the	class.
Midterm	exam	(20%): There will be a in-class mid-term exam in this course that will cover	
material	in	Units	1	- 4	(see	below).
Final exam (15%): There will be a take-home final exam in this course.
Project (15%): In the second half of the course, you will develop and write your own data story.	
A formal report on this project will be due at the end of the semester. Details will be provided in	
a	separate	hand-out.","Component % of grade When
Problem sets 40% every 2 weeks
In-class quizzes (approx. 2) 10% announced during course of semester
Midterm exam (in-class) 20% Tuesday November 15, 2022
Course Project/Take home final 30% Due Friday Dec. 16, 2022
Total 100%",,,,,,,,
a01Jb56qWTf4fJir,BIOCHEM 320 Syllabus SP23 2 Feb 2023,multi reasoning,I am unable to purchase access to the Mastering Chemistry app and will not be able to complete the homework assignments. Will it be possible for me to earn an A- for this course?,"Yes, you can earn an A- for the course if you are unable to complete the homework assignments. Since homework assignments are worth 10% of your total grade, you will have to earn a perfect score on all other components of the course to earn an A- (90%) for the course.",,,,,,Homework assignments are worth 10% of your total grade.,"Assuming a perfect score on all other components of the course, the maximum score possible is 90%.",You need to earn at least 90% of the total points to earn an A- for the course.,,
EKJBbbYSy5IVmAko,MKTG 497G Customer Insight Syllabus S2023,summarization,What are the main course objectives?,"The class is intended to help students develop thinking processes and research tools that can be applied in the future in any profession or industry. The course will help you practice become a marketing professional. The class is organized around three main points, observing, connecting, and communicating. We will also undertake various exercises to build and hone practical skills, like fieldwork, interviews, an analyzing qualitative data.","Course Objectives:
My goal is to help you learn and develop a set of research tools and a way of thinking that you
can apply in any position and any industry. During the course, you will practice becoming
marketing professionals who are curious, aware, empathetic, and responsive toward your
customers. The class is structured around the development of three primary capacities:","Observing: Be curious, ask good questions, identify research problems, collect quality
data, dig for hidden observations, and expand your awareness of people and the market. 
Connecting: Find patterns across observations and understand what those patterns mean.
 Communicating: Explain insight","Alongside these capacities, students will also develop the following practical skills:
• Think culturally, using your theoretical understanding to identify and explain insights
• Conduct observational and ethnographic fieldwork, including writing detailed fieldnotes
• Conduct focus groups and in-depth consumer interviews
• Conduct online social listening and netnographic research
• Analyze open-ended qualitative data using interpretive coding
• Create customer personas and customer journey maps",,,,,,,
4ix590KoslNOxZAQ,Legal 297BL Syllabus,single reasoning,"I got my grade two weeks ago, but I don't think I should have a C. Who do I contact","Unfortunately, you must dispute your grade within five calendar days.",,,,,,"Grade disputes must be submitted within five calendar days, the student may no longer dispute the grad",,,,
wsRPtnLPsLl4qxKA,stat-111-syl-spring 2023,yes/no,Is this course fully in-person?,Yes,There is no hybrid or asynchronous learning option.,,,,,,,,,
SbgDtvm0ALYKx63f,Syllabus Bio 544 lecture S23,single reasoning,Will there be topics from Exam 1 that also show up on the final exam?,"No, Exam 3 does not cover topics from Exam 1 or Exam 2.",,,,,,The final exam (Exam 3) is not cumulative.,,,,
W2YBWJBrsOySscBB,Syllabus_IntroGIS_Fall2022,multi factual,What are the ways we can attend the class,Classes will be live streamed via Zoom or Echo360. Students can attend in person and recordings will be available.,Platforms and Policies: We will use Zoom and Echo360 for livestreaming and recording this semester. ,"Platforms and Policies: Both in person classes and Zoom meetings will be recorded for posting, review and future editing.",,,,,,,,
4Dpygp03rGLdU0Fu,cs466_sp21_info_redacted,multi reasoning,What do we need to do on our homework to make sure we get the points? ,"You can work with others, but you must make sure your solutions are shown and are readable. ",,,,,,You can work with other folks,You must do your final solution. ,You must show your work. ,it must be able to be read you will get a 0 if not readable. ,
BwqOUWZQVYauP3QD,"CS4501-001_ Privacy in the Internet Age, Fall 2021_1",multi factual,If a TA is sick how do I meet with them?,If a TA is sick they will hold their office hours online using the Discord platform.,"Office hours: &lt;PROF_FIRST_NAME&gt;: Wed 3:30-4:30pm (Rice 403), Fri 2:00-2:30pm (Discord) &lt;TA_FIRST_NAME&gt;: TuTh 9:30-11:30am (Discord) &lt;TA_FIRST_NAME&gt;: Mon 3:30-4:30pm, Fri 1:00-2:00pm (Discord) ",Q: What if a TA has to isolate/quarantine? The TA's office hour will be online only.,,,,,,,,
nCdo9RyJsMRDnLRj,soc795E,single factual,How much was the participation percentage?,75%,75% Participation (including discussions & reflections),,,,,,,,,
1jFAP75s0Zr1ISa1,Syllabus_Grounding_S_2023,multi reasoning,How can I excel at the presentation?,"Choose from the course topics for your presentation a few weeks in advance and let your professor know your topic and what readings on the topic you want to assign or omit. Prepare a handout for the class on your topic. Be prepared to have at least 30 minutes of material to discuss. Discuss the topic in an exploratory way instead of factual, and encourage class conversation around the topic.",,,,,,Each graduate student will lead discussion in one of the classes on one of the topics we discuss.,"These discussions should an include a handout. These discussions can be anywhere from 30 minutes to half the class, depending on what you feel like covering/talking about. (You’ll need to let me know what you’re aiming for ahead of time, of course!)","You can choose one of two things to present on. First, you can choose to present on that week’s topic. Second, you can instead choose to discuss a particular proposed use of grounding.","These will not be presentations on a particular paper. Nor are you expected to provide some authoritative discussion of the topic. Rather, these presentations will be more of a exploratory nature, and will consist of attempts to skim and get a feel for some bit of the literature on this topic, and try to discuss some of the relevant issues, and questions you have regarding this topic.","We should settle on a presentation topic at least a couple weeks before you present. Once we’ve settled that, part of your job will be to let me know what readings you’d like to assign/omit. (Some possible readings for some of the subjects are described below. But you’re encouraged to suggest cutting readings or parts of readings that aren’t relevant to what you want to discuss, as well as adding readings or sections of readings that you want to go over.)"
o1eVzjvFnTdfX6g0,Syllabus_209H_230301,single factual,How long should the paper be for the big research project?,"The paper needs to be at least 25 pages, double-spaced, with 12-point font and 1 inch margins.","Course Requirements and Evaluation: - 6. Research Project (30%) The final paper will be 25 pages or more (double-spaced, 12-point font size, 1 inch margins) following the APA guideline.",,,,,,,,,
5EkIAk4OJ4Q07kl3,FIN 408 Syllabus updated v2,summarization,How is class attendance evaluated in FINANCE 408?,"In FINANCE 408, attendance in all classes is expected. Any need for absences should be pre-requested by email to the instructor. Additionally, class participation is evaluated and contributes to the final grade.",Attendance in all classes is expected.,Absences should be pre-requested by email to the instructor.,Class participation is also evaluated and contributes to the final grade.,,"In FINANCE 408, attendance in all classes is expected. Any need for absences should be pre-requested by email to the instructor. Additionally, class participation is evaluated and contributes to the final grade.",,,,,
UAHpp1NMhs8mHRFI,1. Syllabus 2023,single reasoning,"If I am not able to make class during the week of February 28, will I still be able to give my final presentation?","Presentations will be given over the final two weeks of the course, so you can still give your presentation during the week of March7.",,,,,,Final presentations will take place during the last two weeks of class:  the week of February 28 and the week of March 7.,,,,
c0kVDCvU4Jc7UYIx,Most Recent P132 Syllabus - Spring 2022,single reasoning,Can I work with my fraternity brothers during class?,"Yes, students are encouraged to work together and are responsible for finding their own collaborators if not on a pre-selected team.",,,,,,"Team-based learning is intended to be a key part of the sessions and even parts of the exams and quizzes. One can let the instructor assign themselves to a team, or seek out their own collaborators. ",,,,
QtKG8o803U6oMMpt,796 Syllabus,single factual,How many credits does this course award?,"3 credits, with the entire course being 135 total hours.",Credits: 3. The credit standard for this course is met by an expectation of a total of 135 hours of student engagement with the courses learning activities (45 hours per credit).,,,,,,,,,
emYrQlpL7gtC2eqD,ResEcon-213-Fall-2022,yes/no,Does this course have prerequisites? ,Yes,"Successful completion of Rec-Econ 212 or Stat 240 are appropriate prerequisites. Please talk to me
if you are relying on any other coursework as a prerequisite.",,,,,,,,,
Vjq68ap6gdrvNnWv,Syllabus_Spmgt461_DataAnalytics,yes/no,Can late work be accepted for assignments that are automatically blocked by the online system after the class start time? ,No,"In those cases, no late work can be accepted",,,,,,,,,
LrgnPNFTVEtNfoSO,BCH8016 Solid State Analysis (SYL) 012219 - revised,single reasoning,"If I complete 50% of the coursework, can I still get a passing grade?","Yes, if you do 50% of the coursework, you can still pass.",,,,,,A minimum of 40% of the coursework and exam components must be satisfied.,,,,
Q7NQeMJ6ShIAXyoz,2023_Chem122_syllabus,summarization,Can I get a more in depth look on the lectures for this class?,"There will be three in person meetings for lectures and other things on Mondays, Wednesdays and Fridays. These are mandatory and will be from 9:05 to 9:55 AM. You will be able to get all of the prerecorded lectures on the Moodle page. That will be updated weekly. ","Monday, Wednesday, Friday 9:05 – 9:55 AM ISB 321 in-person.
Pre-recorded lectures will post online each week. All lectures and slides will be posted on the
Moodle page of the course.","We will meet in-person for lecture/problem-solving/discussion each week. The attendance at
those sessions is mandatory. You can also work on the problem sets in small groups during these
sessions, as I circulate to answer questions and offer assistance.",,,,,,,,
8JRp7XTZEQHs0qsY,270 Syllabus Fall 2022 (1),summarization,What are the policies for working in teams during this course?,"Students will work on teams throughout the entirety of course, which will be determined during the first in person lab meeting, and will remain the same throughout the semester. Lab participation and and much of the extra credit grades will be based on team submissions. Each team member is expected to contribute equally.  5% of the semester grade will be based on peer review of the team contribution.","In order to increase engagement with your classmates and the course material, students
will be working as part of a team throughout the semester. T","Teams will be assembled
during your first in-person lab meeting. You will be part of the same team throughout the
semester. ","Your lab participation grade and a significant portion of your lecture extra credit
grade will be based on team submissions. Even though the assignments will be tackled as
a team, both the volume and difficulty of the work will not exceed what would be expected
of an individual student. However, in order to gain benefits of working as a group, each
team member should contribute equally to your group’s success. 5% of your semester
grade will be based on peer review of your team contribution.","Actively participating with
your teammates will improve your scores on individual assignments and earn a perfect five
percentage points towards your final grade. Please note that your team participation grade
will include participation both to lecture and lab.",,,,,,
CL7ZSQO3QGYAC9pN,EME6651-SP2023_Syllabus,multi reasoning,"Since I will miss week 7 of class, what is the highest grade I can earn if I am unable to submit the module 7 assignment.","Analytics assignments are worth 80% of the total grade, with each of the four assignments being worth 20% of the total grade. Assuming full points on all other assignments and online reflections, the highest grade you can earn if you are unable to submit the module 7 assignment is 80%, or a B-.",,,,,,Analytics assignments are worth 80% of the total grade.,"There are four analytics assignments, making each assignment worth 20% of the total grade.","Assuming full points on all other assignments and online reflections, the highest grade you can earn if you are unable to submit the module 7 assignment is 80%, or a B-.",,
hCXWkgDm3iv8y6di,FS542_food chem2,single factual,What topic are we going to be covering on November 28?,We will be covering food allergens on November 28.,Food allergens 11/28,,,,,,,,,
rpQ9g8vgBTDk5bnO,Honors 391AH - AA Media Pop Culture - Fall 2022 Syllabus,multi reasoning,"I will have to miss the first day of class on September 9, will that prevent me from getting a perfect score on attendant?","No, that will not prevent you from getting an A grade in the class, because attendance carries a maximum of 10 points, leaving 90 more possible points to get an A. It is advised that you contact the instructor ahead of time to verify whether or not this one time absence can be excused.",,,,,,"Whether an absence is “excused” or counted in calculating participation grades is largely at the discretion of the
instructor.","Any student absent -- whether the absence is “excused” or not -- should contact the instructor as
soon as possible to discuss assignments missed, class discussion, etc.",Five points will be deducted for every unexcused absence during the semester.,"Attendance only accounts for 10 points, still allowing for the student to get an A.",
gMwusmjaT90tDnZn,151 syllabus fall 2022 Rounds,multi reasoning,How can I makeup and exam if I am missing due to sports?,You can only miss one exam with a valid excuse. The exam will be dropped. There are no makeup exams.,,,,,,With a valid Excuse the exam will be dropped.,Only one exam can be dropped per semester with a valid excuse.,,,
gLyq7WH7os9ZQ4Jo,vsyllabus 2022,single reasoning,I have never taken a Validity Theory class before. Can I still take this course?,"Yes, you can still take this course provided you are committed to actively participating in class and doing all of the assignments and readings.",,,,,,"The only course requirements are active participation in class, so yes, this student could still take this course.",,,,
esraCWYYc8GGP8GS,advanced_system_software_design_redacted,multi reasoning,I will have to miss some classes due to work and might not be able to take the midterm so whats the best grade I can get? ,the best you can get missing half of classes and the midterm is 77.5 or a  C. ,,,,,,Attendance is 5% of grade,Midterm is 20% of grade,Missing half the classes will drop attendance points gained to 2.5%,Not taking the midterm lowers grade by 20%,the grade policy shows that missing 22.5% of the overall  grade will result in a course grade of no more than 77.5%
FbxEgSJBuGkzF5mY,Acct 371 Syllabus - Spring,single reasoning,What options do I have if I am offended during class and want to address the issue if I don't feel comfortable speaking directly to the Professor?,"Two other options are suggested: 1) discuss the issue with the class or 2) notifying the professor indirectly through your academic advisor, a trusted faculty member, or a peer remain.",,,,,,"If speaking privately with the professor is not an option the options of discussing the situation with the class or notifying the professor of the issue through another source such as your academic advisor, a trusted faculty member, or a peer remain.",,,,
CEJfDxiy7EDDCp47,Syllabus.Astron101.summer2023,single reasoning,I've found the first edition of Pathways to Astronomy for cheap online. I don't have much money so can I use that textbook?,"No, you need to use the 2nd edition or higher. If you cannot afford the ebook version, the textbook can be found for free at the library, under reserve.",,,,,,"It is stated that only the 2nd, 3rd, 4th, or 5th editions can be used for this course, and the e-book is cheaper. However you can find the textbook for free at the library.",,,,
1qc196uEg2pMSQFu,Syllabus. Multivariable Calculus,single reasoning,Can I drop the class after the first exam on October 14th?,The last day to add/drop a course is September 8th so it would be too late after the first exam to drop the course.,,,,,,September 8 - Wednesday Last day of Add/Drop Period,,,,
NDKvyRHF5ey10y0Z,130 syllabus_2 S 2023,single factual,Are the extra credit opportunities in this course?,"While there are opportunities to earn more than 5 extra credits, you will only be able to count up to 5 extra credits for this course.",Students can earn up to 5 extra credits. If you earn more than that you will still only be able to count five. ,,,,,,,,,
PELZ99XY7VbGjOk8,MIE 302 Spring 2022 Syllabus-v1,single factual,How much of my grade will lab quizzes make up?,Lab quizzes (including syllabus quiz) will account for 15% of your final grade. ,"Lab Quizzes: 15% (equal weights for all labs, including syllabus quiz)
",,,,,,,,,
